model_id,task_id,fidelity_pct,primary_score,reference_score,runtime_s,peak_memory_mb,tokens_sec,flops,gpu_util,latency_ms
gpt2_small,ioi,99.78,96.78,97.0,0.0,1180.0,125000003.16,1240000000000.0,0.0,7.999999797903002e-06
gpt2_small,induction_heads,98.89,96.05,95.0,0.0,930.5,653594767.55,2480000000000.0,0.0,1.5300000086426735e-06
gpt2_small,greater_than,99.44,89.5,89.0,0.0,1160.9,590550744.35,1860000000000.0,0.0,1.6933345856765906e-06
gpt2_small,logit_lens,99.79,82.17,82.0,0.0,1409.4,2307690234.87,3720000000000.0,0.0,4.3333372256408136e-07
gpt2_small,sae,98.92,91.98,91.0,0.0,1067.1,3906246901.24,6200000000000.0,0.0,2.5600020308047534e-07
gpt2_small,copy_task,99.6,93.37,93.0,0.0,1207.5,2040818969.07,2480000000000.0,0.0,4.899993655271828e-07
gpt2_small,arithmetic,99.81,83.84,84.0,0.0,938.4,2777774591.74,3100000000000.0,0.0,3.600004129111767e-07
gpt2_small,factual_recall,99.41,78.53,79.0,0.0,1357.2,1851852722.04,2480000000000.0,0.0,5.399997462518513e-07
gpt2_small,universality,99.56,81.64,82.0,0.0,1244.7,1086955122.2,1240000000000.0,0.0,9.200011845678091e-07
gpt2_medium,ioi,98.79,98.17,97.0,0.0,1302.3,574712112.67,3550000000000.0,0.0,1.7400016076862812e-06
gpt2_medium,induction_heads,97.61,92.73,95.0,0.0,1090.8,1515153340.68,7100000000000.0,0.0,6.599992047995329e-07
gpt2_medium,greater_than,98.46,87.63,89.0,0.0,1319.6,789473719.27,5325000000000.0,0.0,1.2666666104147832e-06
gpt2_medium,logit_lens,97.77,80.17,82.0,0.0,1019.6,1595744881.73,10650000000000.0,0.0,6.266665877774357e-07
gpt2_medium,sae,99.86,90.87,91.0,0.0,1220.6,2808990339.16,17750000000000.0,0.0,3.5599980037659405e-07
gpt2_medium,copy_task,98.97,93.96,93.0,0.0,1317.0,1333333528.7,7100000000000.0,0.0,7.499998901039362e-07
gpt2_medium,arithmetic,99.15,84.72,84.0,0.0,1070.9,1404495169.58,8875000000000.0,0.0,7.119996007531881e-07
gpt2_medium,factual_recall,99.11,78.3,79.0,0.0,1155.0,1030927718.03,7100000000000.0,0.0,9.700001101009547e-07
gpt2_medium,universality,95.73,85.5,82.0,0.0,1002.2,602409276.19,3550000000000.0,0.0,1.6600009985268115e-06
gemma_2b,ioi,98.81,98.15,97.0,0.0,1291.0,609755782.93,3550000000000.0,0.0,1.6400008462369442e-06
gemma_2b,induction_heads,98.68,96.25,95.0,0.0,1183.1,1639343511.78,7100000000000.0,0.0,6.100002792663872e-07
gemma_2b,greater_than,97.6,86.87,89.0,0.0,1371.5,986842149.09,5325000000000.0,0.0,1.0133332883318266e-06
gemma_2b,logit_lens,97.36,79.83,82.0,0.0,1245.6,2380950749.98,10650000000000.0,0.0,4.2000028770416976e-07
gemma_2b,copy_task,99.49,92.53,93.0,0.0,1304.5,1694914889.47,7100000000000.0,0.0,5.900001269765198e-07
gemma_2b,arithmetic,95.85,87.48,84.0,0.0,1090.3,2659570685.67,8875000000000.0,0.0,3.760005347430706e-07
gemma_2b,factual_recall,98.93,78.16,79.0,0.0,1371.4,1785709968.97,7100000000000.0,0.0,5.600013537332416e-07
gemma_2b,universality,98.96,81.15,82.0,0.0,1334.9,561797149.27,3550000000000.0,0.0,1.780001912266016e-06
llama_3b,ioi,98.88,95.91,97.0,0.0,868.6,450450563.7,3550000000000.0,0.0,2.2199994418770077e-06
llama_3b,induction_heads,98.29,93.38,95.0,0.0,1274.8,1010100742.38,7100000000000.0,0.0,9.900002623908222e-07
llama_3b,greater_than,97.99,90.79,89.0,0.0,1247.0,974025920.4,5325000000000.0,0.0,1.0266667231917381e-06
llama_3b,logit_lens,99.69,82.25,82.0,0.0,1360.8,2586206669.89,10650000000000.0,0.0,3.8666670055439074e-07
llama_3b,copy_task,99.56,93.41,93.0,0.0,1362.6,1111111633.23,7100000000000.0,0.0,8.999995770864189e-07
llama_3b,arithmetic,99.32,84.57,84.0,0.0,1194.6,2604162627.1,8875000000000.0,0.0,3.8400059565901756e-07
llama_3b,factual_recall,96.29,81.93,79.0,0.0,1486.8,1265824804.53,7100000000000.0,0.0,7.899987394921482e-07
llama_3b,universality,99.79,82.17,82.0,0.0,996.9,349650533.72,3550000000000.0,0.0,2.859998494386673e-06
qwen2_5_05b,ioi,99.77,96.77,97.0,0.0,1346.9,595237687.49,3550000000000.0,0.0,1.680001150816679e-06
qwen2_5_05b,induction_heads,98.91,96.03,95.0,0.0,1328.0,1176471700.54,7100000000000.0,0.0,8.499991963617504e-07
qwen2_5_05b,greater_than,99.06,89.83,89.0,0.0,1087.1,1041667156.15,5325000000000.0,0.0,9.599995488921802e-07
qwen2_5_05b,logit_lens,100.0,82.0,82.0,0.0,1010.1,1612903563.09,10650000000000.0,0.0,6.1999987034748e-07
qwen2_5_05b,copy_task,99.31,92.36,93.0,0.0,1119.7,862068889.96,7100000000000.0,0.0,1.1600001016631723e-06
qwen2_5_05b,arithmetic,99.35,83.45,84.0,0.0,976.6,735294183.43,8875000000000.0,0.0,1.3599998783320188e-06
qwen2_5_05b,factual_recall,99.58,79.33,79.0,0.0,1359.3,531914960.58,7100000000000.0,0.0,1.8799997633323074e-06
qwen2_5_05b,universality,99.99,82.0,82.0,0.0,1250.6,297619101.54,3550000000000.0,0.0,3.3599993912503122e-06
